<?xml version="1.0" encoding="UTF-8"?>

<!-- 
 * PopulateDatabase.xml
 *
 * Copyright (C) 2019 Universidad de Sevilla
 * 
 * The use of this project is hereby constrained to the conditions of the 
 * TDG Licence, a copy of which you may download from 
 * http://www.tdg-seville.info/License.html
 -->

<beans xmlns="http://www.springframework.org/schema/beans"
	xmlns:xsi="http://www.w3.org/2001/XMLSchema-instance"
	xmlns:util="http://www.springframework.org/schema/util"
	xsi:schemaLocation="
		http://www.springframework.org/schema/beans http://www.springframework.org/schema/beans/spring-beans.xsd http://www.springframework.org/schema/util
                    http://www.springframework.org/schema/util/spring-util-2.5.xsd">
	
	
		<util:list id="pics" value-type="java.lang.String">
        <value>http://www.imgur.com/nUInfwe</value>
        <value>http://www.imgur.com/nU526fee</value>

      </util:list>
      
      	<util:list id="negative" value-type="java.lang.String">
        <value>NOT</value>
        <value>BAD</value>
        <value>HORRIBLE</value>
        <value>AVERAGE</value>
        <value>DISASTER</value>
      </util:list>
      	<util:list id="positive" value-type="java.lang.String">
        <value>GOOD</value>
        <value>FANTASTIC</value>
        <value>EXCELENT</value>
        <value>GREAT</value>
        <value>AMAZING</value>
        <value>TERRIFIC</value>
        <value>BEAUTIFUL</value>
        </util:list>
        <util:list id="spam" value-type="java.lang.String">
      	<value>SEX</value>
        <value>VIAGRA</value>
        <value>CIALIS</value>
        <value>NIGERIA</value>
        <value>ONE MILLION</value>
        <value>YOU'VE BEEN SELECTED</value>
        <value>SEXO</value>
        <value>UN MILLON</value>
        <value>HAS SIDO SELECCIONADO</value>
      	</util:list>
      	
      	<util:list id="welcome" value-type="java.lang.String">
        <value>Welcome to Acme Madruga! The site to organise your processions.</value>
        <value>¡Bienvenidos a Acme Madrugá! Tu sitio para organizar procesiones.</value>
      	</util:list>
        
        
      
      
	<!-- User accounts -->

	<bean id="userAccount1" class="security.UserAccount">
		<property name="username" value="admin" />
		<property name="password" value="21232f297a57a5a743894a0e4a801fc3" />
		<property name="accountNonLocked" value="false" />		
		<property name="authorities">
			<list>
				<bean class="security.Authority">
					<property name="authority" value="ADMIN" />
				</bean>
			</list>
		
		</property>
	</bean>
	
		<bean id="userAccount2" class="security.UserAccount">
		<property name="username" value="admin2" />
		<property name="password" value="21232f297a57a5a743894a0e4a801fc3" />
		<property name="accountNonLocked" value="false" />		
		<property name="authorities">
			<list>
				<bean class="security.Authority">
					<property name="authority" value="ADMIN" />
				</bean>
			</list>
		
		</property>
	</bean>
	
			<bean id="userAccount3" class="security.UserAccount">
		<property name="username" value="brotherhood1" />
		<property name="password" value="479e3180a45b21ea8e88beb0c45aa8ed" />
		<property name="accountNonLocked" value="false" />		
		<property name="authorities">
			<list>
				<bean class="security.Authority">
					<property name="authority" value="ADMIN" />
				</bean>
			</list>
		
		</property>
	</bean>
	
			<bean id="userAccount4" class="security.UserAccount">
		<property name="username" value="brotherhood2" />
		<property name="password" value="88f1b810c40cd63107fb758fef4d77db" />
		<property name="accountNonLocked" value="false" />		
		<property name="authorities">
			<list>
				<bean class="security.Authority">
					<property name="authority" value="ADMIN" />
				</bean>
			</list>
		
		</property>
	</bean>


<!-- ******************************ADMINISTRATOR************************************* -->
	<bean id="administrator1" class="domain.Administrator">
		<property name="name" value="administrator1" />
		<property name="middleName" value="" />
		<property name="surname" value="Exposito" />
		<property name="phoneNumber" value="+34 654456248" />
		<property name="address" value="C/ Wednesday, nº 1" />
		<property name="email" value="admin1@gmail.com" />
		<property name="photo" value="http://wwww.photo1.com" />
		<property name="ban" value="False" />
		<property name="userAccount" ref="userAccount1" />
		<property name="socialProfiles">
			<list>
			</list>
		</property>
		<property name="Boxes">
			<list>
				<ref bean="in1" />
				<ref bean="notification1" />
				<ref bean="out1" />
				<ref bean="trash1" />
				<ref bean="spam1" />
			</list>
		</property>

</bean>

	<bean id="administrator2" class="domain.Administrator">
		<property name="name" value="administrator2" />
		<property name="middleName" value="" />
		<property name="surname" value="Exposito" />
		<property name="phoneNumber" value="+34 654456248" />
		<property name="address" value="C/ Wednesday, nº 1" />
		<property name="email" value="admin1@gmail.com" />
		<property name="photo" value="http://wwww.photo1.com" />
		<property name="ban" value="False" />
		<property name="userAccount" ref="userAccount2" />
		<property name="socialProfiles">
			<list>
			</list>
		</property>
		<property name="Boxes">
			<list>
				<ref bean="in2" />
				<ref bean="notification2" />
				<ref bean="out2" />
				<ref bean="trash2" />
				<ref bean="spam2" />
			</list>
		</property>

</bean>
	
	
<!-- ******************************BOXES************************************* -->
	
	<bean id="in1" class="domain.Box">

		<property name="name" value="in box" />

		<property name="predefined" value="true" />

         <property name="messages">
		
			<list>
		
			</list>
			</property>
			
			        <property name="descendants">
		
			<list>
		
			</list>
			</property>
			
			
	</bean>
	
		<bean id="notification1" class="domain.Box">

		<property name="name" value="notification box" />

		<property name="predefined" value="true" />

         <property name="messages">
		
			<list>
		
			</list>
			</property>
			
			        <property name="descendants">
		
			<list>
		
			</list>
			</property>
			
			
	</bean>
	
		<bean id="out1" class="domain.Box">

		<property name="name" value="out box" />

		<property name="predefined" value="true" />

         <property name="messages">
		
			<list>
		
			</list>
			</property>
			
			        <property name="descendants">
		
			<list>
		
			</list>
			</property>
			
			
	</bean>
	
		<bean id="trash1" class="domain.Box">

		<property name="name" value="trash box" />

		<property name="predefined" value="true" />

         <property name="messages">
		
			<list>
		
			</list>
			</property>
			
			        <property name="descendants">
		
			<list>
		
			</list>
			</property>
			
			
	</bean>
	
		<bean id="spam1" class="domain.Box">

		<property name="name" value="spam box" />

		<property name="predefined" value="true" />

         <property name="messages">
		
			<list>
		
			</list>
			</property>
			
			        <property name="descendants">
		
			<list>
		
			</list>
			</property>
			
			
	</bean>
	
	<bean id="in2" class="domain.Box">

		<property name="name" value="in box" />

		<property name="predefined" value="true" />

         <property name="messages">
		
			<list>
		
			</list>
			</property>
			
			        <property name="descendants">
		
			<list>
		
			</list>
			</property>
			
			
	</bean>
	
			<bean id="notification2" class="domain.Box">

		<property name="name" value="notification box" />

		<property name="predefined" value="true" />

         <property name="messages">
		
			<list>
		
			</list>
			</property>
			
			        <property name="descendants">
		
			<list>
		
			</list>
			</property>
			
			
	</bean>
	
	
	
		<bean id="out2" class="domain.Box">

		<property name="name" value="out box" />

		<property name="predefined" value="true" />

         <property name="messages">
		
			<list>
		
			</list>
			</property>
			
			        <property name="descendants">
		
			<list>
		
			</list>
			</property>
			
			
	</bean>
	
		<bean id="trash2" class="domain.Box">

		<property name="name" value="trash box" />

		<property name="predefined" value="true" />

         <property name="messages">
		
			<list>
		
			</list>
			</property>
			
			        <property name="descendants">
		
			<list>
		
			</list>
			</property>
			
			
	</bean>
	
		<bean id="spam2" class="domain.Box">

		<property name="name" value="spam box" />

		<property name="predefined" value="true" />

         <property name="messages">
		
			<list>
		
			</list>
			</property>
			
			        <property name="descendants">
		
			<list>
		
			</list>
			</property>
			
			
	</bean>
	
		<bean id="in3" class="domain.Box">

		<property name="name" value="in box" />

		<property name="predefined" value="true" />

         <property name="messages">
		
			<list>
		
			</list>
			</property>
			
			        <property name="descendants">
		
			<list>
		
			</list>
			</property>
			
			
	</bean>
	
			<bean id="notification3" class="domain.Box">

		<property name="name" value="notification box" />

		<property name="predefined" value="true" />

         <property name="messages">
		
			<list>
		
			</list>
			</property>
			
			        <property name="descendants">
		
			<list>
		
			</list>
			</property>
			
			
	</bean>
	
	
		<bean id="out3" class="domain.Box">

		<property name="name" value="out box" />

		<property name="predefined" value="true" />

         <property name="messages">
		
			<list>
		
			</list>
			</property>
			
			        <property name="descendants">
		
			<list>
		
			</list>
			</property>
			
			
	</bean>
	
		<bean id="trash3" class="domain.Box">

		<property name="name" value="trash box" />

		<property name="predefined" value="true" />

         <property name="messages">
		
			<list>
		
			</list>
			</property>
			
			        <property name="descendants">
		
			<list>
		
			</list>
			</property>
			
			
	</bean>
	
		<bean id="spam3" class="domain.Box">

		<property name="name" value="spam box" />

		<property name="predefined" value="true" />

         <property name="messages">
		
			<list>
		
			</list>
			</property>
			
			        <property name="descendants">
		
			<list>
		
			</list>
			</property>
			
			
	</bean>
	
		<bean id="in4" class="domain.Box">

		<property name="name" value="in box" />

		<property name="predefined" value="true" />

         <property name="messages">
		
			<list>
		
			</list>
			</property>
			
			        <property name="descendants">
		
			<list>
		
			</list>
			</property>
			
			
	</bean>
	
			<bean id="notification4" class="domain.Box">

		<property name="name" value="notification box" />

		<property name="predefined" value="true" />

         <property name="messages">
		
			<list>
		
			</list>
			</property>
			
			        <property name="descendants">
		
			<list>
		
			</list>
			</property>
			
			
	</bean>
	
		<bean id="out4" class="domain.Box">

		<property name="name" value="out box" />

		<property name="predefined" value="true" />

         <property name="messages">
		
			<list>
		
			</list>
			</property>
			
			        <property name="descendants">
		
			<list>
		
			</list>
			</property>
			
			
	</bean>
	
		<bean id="trash4" class="domain.Box">

		<property name="name" value="trash box" />

		<property name="predefined" value="true" />

         <property name="messages">
		
			<list>
		
			</list>
			</property>
			
			        <property name="descendants">
		
			<list>
		
			</list>
			</property>
			
			
	</bean>
	
		<bean id="spam4" class="domain.Box">

		<property name="name" value="spam box" />

		<property name="predefined" value="true" />

         <property name="messages">
		
			<list>
		
			</list>
			</property>
			
			        <property name="descendants">
		
			<list>
		
			</list>
			</property>
			
			
	</bean>
	
	
			<bean id="in5" class="domain.Box">

		<property name="name" value="in box" />

		<property name="predefined" value="true" />

         <property name="messages">
		
			<list>
		
			</list>
			</property>
			
			        <property name="descendants">
		
			<list>
		
			</list>
			</property>
			
			
	</bean>
	
			<bean id="notification5" class="domain.Box">

		<property name="name" value="notification box" />

		<property name="predefined" value="true" />

         <property name="messages">
		
			<list>
		
			</list>
			</property>
			
			        <property name="descendants">
		
			<list>
		
			</list>
			</property>
			
			
	</bean>
	
	
		<bean id="out5" class="domain.Box">

		<property name="name" value="out box" />

		<property name="predefined" value="true" />

         <property name="messages">
		
			<list>
		
			</list>
			</property>
			
			        <property name="descendants">
		
			<list>
		
			</list>
			</property>
			
			
	</bean>
	
		<bean id="trash5" class="domain.Box">

		<property name="name" value="trash box" />

		<property name="predefined" value="true" />

         <property name="messages">
		
			<list>
		
			</list>
			</property>
			
			        <property name="descendants">
		
			<list>
		
			</list>
			</property>
			
			
	</bean>
	
		<bean id="spam5" class="domain.Box">

		<property name="name" value="spam box" />

		<property name="predefined" value="true" />

         <property name="messages">
		
			<list>
		
			</list>
			</property>
			
			        <property name="descendants">
		
			<list>
		
			</list>
			</property>
			
			
	</bean>
	
		<bean id="in6" class="domain.Box">

		<property name="name" value="in box" />

		<property name="predefined" value="true" />

         <property name="messages">
		
			<list>
		
			</list>
			</property>
			
			        <property name="descendants">
		
			<list>
		
			</list>
			</property>
			
			
	</bean>
	
			<bean id="notification6" class="domain.Box">

		<property name="name" value="notification box" />

		<property name="predefined" value="true" />

         <property name="messages">
		
			<list>
		
			</list>
			</property>
			
			        <property name="descendants">
		
			<list>
		
			</list>
			</property>
			
			
	</bean>
	
		<bean id="out6" class="domain.Box">

		<property name="name" value="out box" />

		<property name="predefined" value="true" />

         <property name="messages">
		
			<list>
		
			</list>
			</property>
			
			        <property name="descendants">
		
			<list>
		
			</list>
			</property>
			
			
	</bean>
	
		<bean id="trash6" class="domain.Box">

		<property name="name" value="trash box" />

		<property name="predefined" value="true" />

         <property name="messages">
		
			<list>
		
			</list>
			</property>
			
			        <property name="descendants">
		
			<list>
		
			</list>
			</property>
			
			
	</bean>
	
		<bean id="spam6" class="domain.Box">

		<property name="name" value="spam box" />

		<property name="predefined" value="true" />

         <property name="messages">
		
			<list>
		
			</list>
			</property>
			
			        <property name="descendants">
		
			<list>
		
			</list>
			</property>
			
			
	</bean>
	
		<!-- ***************************BROTHERHOOD**************************** -->
	
	<bean id="brotherhood1" class="domain.Brotherhood">
			<property name="name" value="brotherhood1" />
		<property name="middleName" value="" />
		<property name="surname" value="Exposito" />
		<property name="phoneNumber" value="+34 654456248" />
		<property name="address" value="C/ Wednesday, nº 1" />
		<property name="email" value="lalanzada1@gmail.com" />
		<property name="photo" value="http://wwww.photo1.com" />
		<property name="ban" value="False" />
		<property name="userAccount" ref="userAccount3" />
		<property name="socialProfiles">
			<list>
			</list>
		</property>
		<property name="Boxes">
			<list>
				<ref bean="in3" />
				<ref bean="notification3" />
				<ref bean="out3" />
				<ref bean="trash3" />
				<ref bean="spam3" />
			</list>
		</property>
	<property name="title" value="La Lanzada" />
	<property name="stablishmentDate" value="04/11/1591" />
	<property name="urls" ref="pics" />
		<property name="area" ref="area1" />
	
	</bean>
	
	<bean id="brotherhood2" class="domain.Brotherhood">
				<property name="name" value="brotherhood2" />
		<property name="middleName" value="" />
		<property name="surname" value="Exposito" />
		<property name="phoneNumber" value="+34 654456248" />
		<property name="address" value="C/ Wednesday, nº 1" />
		<property name="email" value="lalanzada1@gmail.com" />
		<property name="photo" value="http://wwww.photo1.com" />
		<property name="ban" value="False" />
		<property name="userAccount" ref="userAccount4" />
		<property name="socialProfiles">
			<list>
			</list>
		</property>
		<property name="Boxes">
			<list>
				<ref bean="in4" />
				<ref bean="notification4" />
				<ref bean="out4" />
				<ref bean="trash4" />
				<ref bean="spam4" />
			</list>
		</property>
	<property name="title" value="Los Panaderos" />
	<property name="stablishmentDate" value="04/11/1595" />
	<property name="urls" ref="pics" />
	<property name="area" ref="area2" />
	
	
	</bean>
	
	
	
	<!-- ******************************AREA******************************* -->
	
	<bean id="area1" class = "domain.Area">
			<property name="name" value="Triana" />
	 		<property name="pictures" ref="pics" />
			<property name="brotherhoods">
				<list>
					<ref bean="brotherhood1" />
				</list>
			</property>
	
	</bean>
	
	<bean id="area2" class = "domain.Area">
			<property name="name" value="Nervión" />
	 		<property name="pictures" ref="pics" />
			<property name="brotherhoods" ref="brotherhood2" />
	
	</bean>
	
	
	<!-- ****************************CUSTOMISATION******************************* -->
	
	<bean id="customisation1" class="domain.Customisation" >
		<property name="negativeWords" ref="negative" />
		<property name="positiveWords" ref="positive" />
		<property name="spamWords" ref="spam" />
		<property name="welcomeMessage" ref="welcome" />
		<property name="finderDuration" value="20" />
		<property name="resultsNumber" value="10" />
		<property name="systemName" value="Acme Madruga" />
		<property name="bannerURL" value=" https://tinyurl.com/acme-madruga" />
		<property name="phoneNumberCountryCode" value="+34 " />
		<property name="messagePriorities" value="" />
		
	</bean>

	<!-- *******************************ENROLEMENT******************************* -->
	
	<bean id="enrolement1" class="domain.Enrolement" >
	<property name="enrolMoment" value="04/11/1991" />
	<property name="status" value="APPROVED" />
	<property name="position" ref="position1" />
	<property name="brotherhood" ref="brotherhood1" />
	</bean>
	
	<bean id="enrolement2" class="domain.Enrolement" >
	<property name="enrolMoment" value="04/11/1991" />
	<property name="status" value="APPROVED" />
	<property name="position" ref="position2" />
	<property name="brotherhood" ref="brotherhood1" />
	</bean>
	
	<!-- ********************************POSITION******************************** -->
    
    <bean id="position1" class="domain.Position"> 
    <property name="positionEng" value="SECRETARY" /> 
    <property name="positionEsp" value="SECRETARIO" /> 
    </bean>
    
    <bean id="position2" class="domain.Position"> 
    <property name="positionEng" value="PRESIDENT" /> 
    <property name="positionEsp" value="PRESIDENTE" /> 
    </bean>


	<!-- *******************************FLOATMADRUGA****************************** -->
	<bean id="float1" class="domain.FloatMadruga">
	<property name="title" value="Nuestro señor del Gran Poder" />
	<property name="description" value="El paso de nuestro señor" />
	<property name="pictures" ref="pics" />
	<property name="brotherhood" ref="brotherhood1" />
	</bean>
	
	<bean id="float2" class="domain.FloatMadruga">
	<property name="title" value="La Virgen de Los remedios" />
	<property name="description" value="El paso de nuestro señor" />
	<property name="pictures" ref="pics" />
	<property name="brotherhood" ref="brotherhood1" />
	</bean>
	
	<bean id="float3" class="domain.FloatMadruga">
	<property name="title" value="Nuestro señor de las tres caídas" />
	<property name="description" value="El paso de nuestro señor" />
	<property name="pictures" ref="pics" />
	<property name="brotherhood" ref="brotherhood2" />
	</bean>
	
	<bean id="float4" class="domain.FloatMadruga">
	<property name="title" value="Esperanza de Triana" />
	<property name="description" value="El paso de nuestro señor" />
	<property name="pictures" ref="pics" />
	<property name="brotherhood" ref="brotherhood2" />
	</bean>


	<!-- *************************FINDER************************ -->
	
	
	<bean id="finder1" class="domain.Finder">
	<property name="area" ref="area1" />
	<property name="endDate" value="16/03/2019" />
	<property name="keyword" value="Nuestro" />
	<property name="startDate" value="01/01/2019" />
	<property name="moment" value="01/01/2019" />
	<property name="processions">
		<list>
			
		</list>
	</property>
	</bean>
	
	<bean id="finder2" class="domain.Finder">
	<property name="area" ref="area2" />
	<property name="endDate" value="16/03/2019" />
	<property name="keyword" value="Virgen" />
	<property name="startDate" value="01/01/2019" />
	<property name="moment" value="01/01/2019" />
	<property name="processions">
		<list>
			
		</list>
	</property>
	</bean>
	



	<!--  ************************PROFILES********************************* 
  --> 
  <!--  Profile1 
  --> 
  <bean id="socialProfile1" class="domain.SocialProfile">
  <property name="socialNetwork" value="Twitter" /> 
  <property name="link" value="http://www.twitter.com/profiles/Rex" /> 
  <property name="nick" value="@rex" /> 
  </bean>
  <!--  Profile2 
  --> 
  <bean id="socialProfile2" class="domain.SocialProfile">
  <property name="socialNetwork" value="Twitter" /> 
  <property name="link" value="http://www.twitter.com/profiles/Rennes" /> 
  <property name="nick" value="@rennes" /> 
  </bean>
  <!--  Profile3 
  --> 
  <bean id="socialProfile3" class="domain.SocialProfile">
  <property name="socialNetwork" value="Twitter" /> 
  <property name="link" value="http://www.twitter.com/profiles/Enre" /> 
  <property name="nick" value="@enre" /> 
  </bean>
 <!--  Profile4 
  --> 
  <bean id="socialProfile4" class="domain.SocialProfile">
  <property name="socialNetwork" value="Twitter" /> 
  <property name="link" value="http://www.twitter.com/profiles/Maxi" /> 
  <property name="nick" value="@maxi" /> 
  </bean>



	<!---***************************************** REQUEST **********************************************-->
	
	<bean id="request1" class="domain.Request">
    <property name="status" value="APPROVED" /> 
    <property name="rowPosition" value="80" /> 
    <property name="columnPosition" value="1" /> 
    <property name="rejectReason" value="" />
    <property name="procession" ref="procession1" /> 
    <property name="member" ref="member1" />
    </bean>
    
    <bean id="request2" class="domain.Request">
    <property name="status" value="APPROVED" /> 
    <property name="rowPosition" value="74" /> 
    <property name="columnPosition" value="2" /> 
    <property name="rejectReason" value="" />
    <property name="procession" ref="procession2" /> 
    <property name="member" ref="member2" />
    </bean>
    
    <bean id="request3" class="domain.Request">
    <property name="status" value="APPROVED" /> 
    <property name="rowPosition" value="20" /> 
    <property name="columnPosition" value="1" /> 
    <property name="rejectReason" value="" />
    <property name="procession" ref="procession1" /> 
    <property name="member" ref="member1" />
    </bean>
    
    <bean id="request4" class="domain.Request">
    <property name="status" value="APPROVED" /> 
    <property name="rowPosition" value="65" /> 
    <property name="columnPosition" value="2" /> 
    <property name="rejectReason" value="" />
    <property name="procession" ref="procession2" /> 
    <property name="member" ref="member2" />
    </bean>
	

    <!--******************************** PROCESSION *******************************************-->
	
	<bean id="procession1" class="domain.Procession">
    <property name="title" value="Martes Santo" /> 
    <property name="description" value="Estación de penitencia" /> 
    <property name="finalMode" value="TRUE" /> 
    <property name="floats">
		<list>
  			<ref bean="float1" /> 
  			<ref bean="float2" /> 
  		</list>
	</property>
	<property name="ticker" value="000101-AAAAAD" /> 
    <property name="departureDate" value="10/10/2018" />
    </bean>
    
    <bean id="procession2" class="domain.Procession">
    <property name="title" value="Jueves Santo" /> 
    <property name="description" value="Estación de penitencia" /> 
    <property name="finalMode" value="TRUE" /> 
    <property name="floats">
		<list>
  			<ref bean="float3" /> 
  			<ref bean="float4" /> 
  		</list>
	</property>
	<property name="ticker" value="000101-AAAAAC" /> 
    <property name="departureDate" value="10/12/2018" />
    </bean>
    
    
   
    
    <!-- ***************************** MESSAGE ********************************** -->
    
  <bean id="message1" class="domain.Message">
  <property name="body" value="Prueba" /> 
  <property name="broadcast" value="FALSE" />
  <property name="flagSpam" value="FALSE" /> 
  <property name="moment" value="10/10/2018" /> 
  <property name="priority" value="HIGH" /> 
  <property name="recipient" ref="brotherhood1" /> 
  <property name="sender" ref="member1" /> 
  <property name="subject" value="Prueba" /> 
  <property name="tag" value="Prueba" /> 
  </bean>
  
  <bean id="message2" class="domain.Message">
  <property name="body" value="Prueba" /> 
  <property name="broadcast" value="FALSE" />
  <property name="flagSpam" value="FALSE" /> 
  <property name="moment" value="10/10/2018" /> 
  <property name="priority" value="HIGH" /> 
  <property name="recipient" ref="brotherhood1" /> 
  <property name="sender" ref="member2" /> 
  <property name="subject" value="Prueba" /> 
  <property name="tag" value="Prueba" /> 
  </bean>
  
  <bean id="message3" class="domain.Message">
  <property name="body" value="Prueba" /> 
  <property name="broadcast" value="FALSE" />
  <property name="flagSpam" value="FALSE" /> 
  <property name="moment" value="10/10/2018" /> 
  <property name="priority" value="HIGH" /> 
  <property name="recipient" ref="brotherhood2" /> 
  <property name="sender" ref="member1" /> 
  <property name="subject" value="Prueba" /> 
  <property name="tag" value="Prueba" /> 
  </bean>
  
  <bean id="message4" class="domain.Message">
  <property name="body" value="Prueba" /> 
  <property name="broadcast" value="FALSE" />
  <property name="flagSpam" value="FALSE" /> 
  <property name="moment" value="10/10/2018" /> 
  <property name="priority" value="HIGH" /> 
  <property name="recipient" ref="brotherhood2" /> 
  <property name="sender" ref="member1" /> 
  <property name="subject" value="Prueba" /> 
  <property name="tag" value="Prueba" /> 
  </bean>
  
  <!-- ******************************************MEMBER******************************************* -->
  
  <!-- Member1 -->
  
  <bean id="userAccount5" class="security.UserAccount">
  <property name="username" value="member1" /> 
  <property name="password" value="63b32227963f7462f1342a2f1051722d" /> 
  <property name="authorities">
  	<list>
  		<bean class="security.Authority">
  			<property name="authority" value="MEMBER" /> 
  		</bean>
  	</list>
  </property>
  </bean>
  
  <bean id="member1" class="domain.Member">
  <property name="address" value="calle falsa 123" /> 
  <property name="ban" value="False" /> 
  <property name="boxes">
  	<list>
  		<ref bean="in5" /> 
  		<ref bean="out5" /> 
  		<ref bean="trash5" /> 
  		<ref bean="spam5" /> 
  	</list>
  </property>
  <property name="email" value="referee@gmail.com" /> 
  <property name="flagSpam" value="False" /> 
  <property name="middleName" value="Sans" /> 
  <property name="name" value="Raul" /> 
  <property name="phoneNumber" value="+34 654654654" /> 
  <property name="photo" value="http://www.direccion.com" /> 
  <property name="polarityScore" value="5" />
  <property name="surname" value="Exposito" /> 
  <property name="socialProfiles">
			<list>
				<ref bean="socialProfile2" />
			</list>
  </property>
  <property name="userAccount" ref="userAccount5" />
  <property name="finder" ref="finder1" /> 
  <property name="enrolements">
			<list>
				<ref bean="enrolement1" />
			</list>
  </property>
  <property name="requests">
			<list>
				<ref bean="request1" />
			</list>
  </property> 
   
  </bean>
  

  <!-- Member2 -->
  
  <bean id="userAccount6" class="security.UserAccount">
  <property name="username" value="member2" /> 
  <property name="password" value="63b32227963f7462f1342a2f1051722d" /> 
  <property name="authorities">
  	<list>
  		<bean class="security.Authority">
  			<property name="authority" value="MEMBER" /> 
  		</bean>
  	</list>
  </property>
  </bean>
  
  <bean id="member2" class="domain.Member">
  <property name="address" value="calle falsa 123" /> 
  <property name="ban" value="False" /> 
  <property name="boxes">
  	<list>
  		<ref bean="in6" /> 
  		<ref bean="out6" /> 
  		<ref bean="trash6" /> 
  		<ref bean="spam6" /> 
  	</list>
  </property>
  <property name="email" value="member2@gmail.com" /> 
  <property name="flagSpam" value="False" /> 
  <property name="middleName" value="Luis" /> 
  <property name="name" value="Jose" /> 
  <property name="phoneNumber" value="+34 654654545" /> 
  <property name="photo" value="http://www.direccion2.com" /> 
  <property name="polarityScore" value="6" />
  <property name="surname" value="García" /> 
  <property name="socialProfiles">
			<list>
				<ref bean="socialProfile1" />
			</list>
  </property>
  <property name="userAccount" ref="userAccount6" />
  <property name="finder" ref="finder2" /> 
  <property name="enrolements">
			<list>
				<ref bean="enrolement2" />
			</list>
  </property>
  <property name="requests">
			<list>
				<ref bean="request2" />
			</list>
  </property>
  </bean>
  
    

	
</beans>